,antecedents,consequents,antecedent support,consequent support,support,confidence,lift,leverage,conviction,antecedent_len
0,frozenset({'butter'}),frozenset({'whole milk'}),0.05541433655312659,0.25551601423487547,0.02755465175394001,0.4972477064220184,1.9460530014566455,0.013395401346415137,1.4808166870145727,1
1,frozenset({'curd'}),frozenset({'whole milk'}),0.05327910523640061,0.25551601423487547,0.026131164209456024,0.4904580152671756,1.9194805332879712,0.012517499597450459,1.4610846761832408,1
2,frozenset({'domestic eggs'}),frozenset({'whole milk'}),0.06334519572953737,0.25551601423487547,0.0298932384341637,0.47191011235955055,1.8468905511564582,0.013707526500424259,1.4097675475126827,1
3,"frozenset({'other vegetables', 'root vegetables'})",frozenset({'whole milk'}),0.047381799694966954,0.25551601423487547,0.023182511438739197,0.4892703862660944,1.9148325702057454,0.011075702833406004,1.4576871317922186,2
4,"frozenset({'root vegetables', 'whole milk'})",frozenset({'other vegetables'}),0.048906964921199794,0.1934926283680732,0.023182511438739197,0.47401247401247404,2.4497701954349353,0.013719374250631092,1.5333203389523984,2
5,"frozenset({'other vegetables', 'yogurt'})",frozenset({'whole milk'}),0.04341637010676157,0.25551601423487547,0.02226741230299949,0.5128805620608898,2.0072345116867694,0.01117383446077358,1.528339720777443,2
